1,aligned-images/unknown/8-11.png
1,aligned-images/unknown/8-08.png
1,aligned-images/unknown/8-01.png
1,aligned-images/unknown/8-06.png
1,aligned-images/unknown/8-12.png
1,aligned-images/unknown/8-13.png
1,aligned-images/unknown/8-10.png
1,aligned-images/unknown/8-09.png
1,aligned-images/unknown/8-03.png
1,aligned-images/unknown/8-14.png
1,aligned-images/unknown/8-05.png
1,aligned-images/unknown/8-02.png
1,aligned-images/unknown/8-07.png
1,aligned-images/unknown/8-04.png
2,aligned-images/antoine/IMG_1102.png
2,aligned-images/antoine/IMG_0458.png
2,aligned-images/antoine/IMG_1396.png
3,aligned-images/mathieu/IMG_1484.png
3,aligned-images/mathieu/IMG_1460.png
3,aligned-images/mathieu/IMG_1480.png
3,aligned-images/mathieu/IMG_1476.png
3,aligned-images/mathieu/IMG_1465.png
3,aligned-images/mathieu/IMG_1462.png
3,aligned-images/mathieu/IMG_1464.png
3,aligned-images/mathieu/IMG_1477.png
3,aligned-images/mathieu/IMG_1495.png
3,aligned-images/mathieu/IMG_1488.png
3,aligned-images/mathieu/IMG_1489.png
3,aligned-images/mathieu/IMG_1469.png
3,aligned-images/mathieu/IMG_1430.png
3,aligned-images/mathieu/IMG_1474.png
3,aligned-images/mathieu/IMG_1467.png
3,aligned-images/mathieu/IMG_1494.png
3,aligned-images/mathieu/IMG_1486.png
3,aligned-images/mathieu/IMG_1487.png
3,aligned-images/mathieu/IMG_1463.png
3,aligned-images/mathieu/IMG_1472.png
3,aligned-images/mathieu/IMG_1485.png
3,aligned-images/mathieu/IMG_1479.png
3,aligned-images/mathieu/IMG_1482.png
3,aligned-images/mathieu/IMG_1466.png
3,aligned-images/mathieu/IMG_1483.png
3,aligned-images/mathieu/IMG_1471.png
3,aligned-images/mathieu/IMG_1491.png
3,aligned-images/mathieu/IMG_1481.png
3,aligned-images/mathieu/IMG_1490.png
3,aligned-images/mathieu/IMG_1461.png
3,aligned-images/mathieu/IMG_1475.png
3,aligned-images/mathieu/IMG_1492.png
3,aligned-images/mathieu/IMG_1468.png
3,aligned-images/mathieu/IMG_1493.png
3,aligned-images/mathieu/IMG_1459.png
3,aligned-images/mathieu/IMG_1496.png
3,aligned-images/mathieu/IMG_1473.png
4,aligned-images/benjamin/IMG_0605.png
4,aligned-images/benjamin/IMG_1392.png
4,aligned-images/benjamin/IMG_0716.png
